,sample,treatment,Treatment,r_K,tax
n1,N0_P4,N0,0,242,Copiotroph
n2,N0_P14,N0,0,257,Copiotroph
n3,N0_P22,N0,0,252,Copiotroph
n4,N0_P28,N0,0,264,Copiotroph
n5,N1_P3,N1,1,223,Copiotroph
n6,N1_P13,N1,1,287,Copiotroph
n7,N1_P21,N1,1,308,Copiotroph
n8,N1_P27,N1,1,231,Copiotroph
n9,N2_P2,N2,1.5849625,255,Copiotroph
n10,N2_P16,N2,1.5849625,277,Copiotroph
n11,N2_P24,N2,1.5849625,316,Copiotroph
n12,N2_P26,N2,1.5849625,242,Copiotroph
n13,N4_P1,N4,2.3219281,320,Copiotroph
n14,N4_P15,N4,2.3219281,278,Copiotroph
n15,N4_P23,N4,2.3219281,274,Copiotroph
n16,N4_P25,N4,2.3219281,246,Copiotroph
n17,N8_P8,N8,3.169925,292,Copiotroph
n18,N8_P10,N8,3.169925,292,Copiotroph
n19,N8_P18,N8,3.169925,270,Copiotroph
n20,N8_P32,N8,3.169925,289,Copiotroph
n21,N16_P7,N16,4.08746284,281,Copiotroph
n22,N16_P9,N16,4.08746284,280,Copiotroph
n23,N16_P17,N16,4.08746284,276,Copiotroph
n24,N16_P31,N16,4.08746284,327,Copiotroph
n25,N32_P6,N32,5.04439412,254,Copiotroph
n26,N32_P12,N32,5.04439412,252,Copiotroph
n27,N32_P20,N32,5.04439412,277,Copiotroph
n28,N32_P30,N32,5.04439412,186,Copiotroph
n29,N64_P5,N64,6.02236781,267,Copiotroph
n30,N64_P11,N64,6.02236781,244,Copiotroph
n31,N64_P19,N64,6.02236781,204,Copiotroph
n32,N64_P29,N64,6.02236781,250,Copiotroph
n33,N0_P4,N0,0,743,Oligotroph
n34,N0_P14,N0,0,751,Oligotroph
n35,N0_P22,N0,0,755,Oligotroph
n36,N0_P28,N0,0,758,Oligotroph
n37,N1_P3,N1,1,733,Oligotroph
n38,N1_P13,N1,1,752,Oligotroph
n39,N1_P21,N1,1,768,Oligotroph
n40,N1_P27,N1,1,743,Oligotroph
n41,N2_P2,N2,1.5849625,747,Oligotroph
n42,N2_P16,N2,1.5849625,809,Oligotroph
n43,N2_P24,N2,1.5849625,779,Oligotroph
n44,N2_P26,N2,1.5849625,767,Oligotroph
n45,N4_P1,N4,2.3219281,703,Oligotroph
n46,N4_P15,N4,2.3219281,749,Oligotroph
n47,N4_P23,N4,2.3219281,710,Oligotroph
n48,N4_P25,N4,2.3219281,772,Oligotroph
n49,N8_P8,N8,3.169925,712,Oligotroph
n50,N8_P10,N8,3.169925,623,Oligotroph
n51,N8_P18,N8,3.169925,738,Oligotroph
n52,N8_P32,N8,3.169925,745,Oligotroph
n53,N16_P7,N16,4.08746284,681,Oligotroph
n54,N16_P9,N16,4.08746284,725,Oligotroph
n55,N16_P17,N16,4.08746284,644,Oligotroph
n56,N16_P31,N16,4.08746284,683,Oligotroph
n57,N32_P6,N32,5.04439412,419,Oligotroph
n58,N32_P12,N32,5.04439412,543,Oligotroph
n59,N32_P20,N32,5.04439412,602,Oligotroph
n60,N32_P30,N32,5.04439412,257,Oligotroph
n61,N64_P5,N64,6.02236781,400,Oligotroph
n62,N64_P11,N64,6.02236781,487,Oligotroph
n63,N64_P19,N64,6.02236781,381,Oligotroph
n64,N64_P29,N64,6.02236781,479,Oligotroph